Headline,Category,Dates
Middle East conflict: How will it end?Talk of how the Israel-Palestine conflict could be resolved has been drowned out amid the increased fighting.12 hrs agoBBC InDepth,BBC InDepth,12 hrs ago
N Korea's Kim calls Putin 'closest comrade'Kim said relations between North Korea and Russia would be raised to a new level. 1 hr agoWorld,World,1 hr ago
Middle East conflict: How will it end?Talk of how the Israel-Palestine conflict could be resolved has been drowned out amid the increased fighting.12 hrs agoBBC InDepth,Science & Environment,4 hrs ago
"LIVEFlorida residents seek safety as 'extremely powerful' Hurricane Milton threatens stateThe storm is hurtling towards the US's Gulf Coast, less than two weeks after a severe storm killed at least 225 people.",Europe,2 hrs ago
Does China now have a permanent military base in Cambodia?Satellite images show the steady expansion of naval facilities that have international onlookers worried.14 hrs agoAsia,BBC InDepth,12 hrs ago
Modi's BJP ahead in Haryana election but trails in KashmirPM Modi's party is leading in the northern state of Haryana but may fall short in Indian-administered Kashmir. 2 hrs agoAsia,Asia,14 hrs ago
N Korea's Kim calls Putin 'closest comrade'Kim said relations between North Korea and Russia would be raised to a new level. 1 hr agoWorld,Asia,2 hrs ago
‘Daily challenge to get stories out of Gaza’ - BBC's Rushdi AbualoufThe BBC's Rushdi Abualouf sheds light on the challenges of reporting the war from inside and outside of Gaza.17 hrs agoMiddle East,World,1 hr ago
Lebanon abandoned by international community - ex PMFouad Siniora tells the BBC that Lebanon as a state has been kidnapped by Hezbollah.8 hrs agoMiddle East,US & Canada,9 hrs ago
"Bowen: Year of killing and broken assumptions has taken Middle East to edge of deeper, wider warTwelve months on from the 7 October attacks which led to Israel's war in Gaza, our international editor says the region is on the edge of something even worse.2 days agoMiddle East",World,1 hr ago
Gaza then and now – a visual guide to how life has changed in 12 monthsFind out how much has changed since Israel began its military response to Hamas's attacks.1 day agoMiddle East,Europe,3 hrs ago
Indian financial aid opens 'new chapter' with MaldivesThe deal comes as the Maldives president visits Delhi after relations nosedived in recent months. 23 hrs agoAsia,Man City,20 mins ago
"Teenager claims first ever Tetris 'rebirth' as game resets to level 0Michael Artiaga, 16, is the first known person to see the NES video game reset itself after beating it.19 mins ago",Technology,11 hrs ago
Indian financial aid opens 'new chapter' with MaldivesThe deal comes as the Maldives president visits Delhi after relations nosedived in recent months. 23 hrs agoAsia,Middle East,17 hrs ago
Meteorologist becomes emotional giving Hurricane Milton updateThe weather system has rapidly intensified into a category five storm with winds of up to 175mph (281km/h).12 hrs agoScience & Environment,Middle East,8 hrs ago
"For Gen Z, US election is all about the economyThe rising costs of groceries and rent are driving many young voters to the polls.13 hrs agoUS & Canada",Middle East,2 days ago
"Teenager claims first ever Tetris 'rebirth' as game resets to level 0Michael Artiaga, 16, is the first known person to see the NES video game reset itself after beating it.19 mins ago",Middle East,1 day ago
Interpol asks public to help crack murdered women cold casesInterpol has launched another campaign to help identify a number of deceased women 12 hrs agoEurope,US & Canada,12 hrs ago
Author to go on trial in France for downplaying Rwanda genocideFrench-Cameroonian writer Charles Onana faces trial in Paris over a controversial book about the killings.1 day agoAfrica,Asia,23 hrs ago
Interpol asks public to help crack murdered women cold casesInterpol has launched another campaign to help identify a number of deceased women 12 hrs agoEurope,Europe,19 mins ago
Lebanon abandoned by international community - ex PMFouad Siniora tells the BBC that Lebanon as a state has been kidnapped by Hezbollah.8 hrs agoMiddle East,Culture,2 days ago
Nobel Prize goes to microRNA researchersUS scientists Victor Ambros and Gary Ruvkun helped explain how genes work inside the human body.1 day agoScience & Environment,Asia,1 day ago
Author to go on trial in France for downplaying Rwanda genocideFrench-Cameroonian writer Charles Onana faces trial in Paris over a controversial book about the killings.1 day agoAfrica,Science & Environment,23 hrs ago
"LIVEMan City latest, Iniesta retires, Women's Champions League build-upReaction to Manchester City's legal case against the Premier League, Spain great Andres Iniesta retires plus  build-up to Women's Champions League matches.",US & Canada,12 hrs ago
"Will Norris or Verstappen face penalties before end of season?F1 correspondent Andrew Benson answers your questions, including whether grid penalties could affect the championship battle.6 hrs agoFormula 1",Asia,13 hrs ago
"LIVEMan City latest, Iniesta retires, Women's Champions League build-upReaction to Manchester City's legal case against the Premier League, Spain great Andres Iniesta retires plus  build-up to Women's Champions League matches.",Europe,19 mins ago
"Man City accuse Premier League of 'misleading' clubsManchester City accuse the Premier League of being ""misleading"" over the verdict in its landmark legal case on rules over commercial deals.20 mins agoMan City",Africa,1 day ago
"Spain and Barcelona great Iniesta retires, aged 40Spain World Cup winner Andres Iniesta retires from playing at the age of 40.56 mins agoEuropean Football",Culture,12 hrs ago
"Will Norris or Verstappen face penalties before end of season?F1 correspondent Andrew Benson answers your questions, including whether grid penalties could affect the championship battle.6 hrs agoFormula 1",Europe,1 day ago
